Emotion,Emoji,Conseil
admiration,ğŸ‘,Prenez le temps d'apprendre de cette personne ou situation qui vous inspire. ğŸŒŸ
amusement,ğŸ˜‚,Profitez du moment et partagez-le avec quelqu'un d'autre pour doubler le plaisir ! ğŸ˜„
anger,ğŸ˜¡,Prenez une grande respiration avant de rÃ©agir et essayez d'exprimer vos sentiments calmement. ğŸ§˜
annoyance,ğŸ˜’,Identifiez ce qui vous agace et rÃ©flÃ©chissez Ã  des solutions pour Ã©viter cela. ğŸ› ï¸
approval,ğŸ‘,Exprimez votre reconnaissance sincÃ¨re et soyez un modÃ¨le positif. ğŸŒˆ
caring,ğŸ¤—,Montrez votre soutien avec des mots ou des actions. Un petit geste peut faire une grande diffÃ©rence. ğŸ’–
confusion,ğŸ˜•,Posez des questions ou cherchez des rÃ©ponses pour clarifier vos doutes. Chaque confusion mÃ¨ne Ã  un Ã©claircissement. ğŸ”
curiosity,ğŸ¤”,"Suivez votre curiositÃ©, elle pourrait vous mener Ã  quelque chose de passionnant ! ğŸš€"
desire,ğŸ˜,Visualisez votre objectif et planifiez comment l'atteindre. La patience est clÃ©. â³
disappointment,ğŸ˜,Acceptez vos sentiments et essayez de tirer une leÃ§on pour l'avenir. ğŸŒ±
disapproval,ğŸ‘,Soyez honnÃªte mais constructif dans votre critique. Cela peut mener Ã  une meilleure comprÃ©hension. ğŸ—£ï¸
disgust,ğŸ¤¢,Prenez du recul et concentrez-vous sur ce qui vous fait vous sentir bien. ğŸ’†
embarrassment,ğŸ˜³,Rappelez-vous que tout le monde fait des erreurs. Riez-en si vous le pouvez. ğŸ˜…
excitement,ğŸ¤©,Partagez votre enthousiasme et profitez pleinement du moment. ğŸ‰
fear,ğŸ˜¨,Identifiez vos peurs et confrontez-les une Ã©tape Ã  la fois. Vous Ãªtes plus fort que vous ne le pensez. ğŸ’ª
gratitude,ğŸ™,"Dites 'merci' sincÃ¨rement, mÃªme pour les petites choses. Cela illumine la journÃ©e de quelqu'un. âœ¨"
grief,ğŸ’”,"Prenez le temps de pleurer, mais souvenez-vous aussi des beaux moments partagÃ©s. ğŸ•Šï¸"
joy,ğŸ˜Š,Savourez ce moment et partagez votre bonheur pour le multiplier. ğŸŒŸ
love,â¤ï¸,Dites 'je t'aime' ou montrez vos sentiments avec des actions. Cela renforce les liens. ğŸ¤
nervousness,ğŸ˜¬,"Respirez profondÃ©ment, dÃ©tendez-vous, et concentrez-vous sur l'instant prÃ©sent. ğŸŒ¿"
optimism,ğŸŒ,Regardez le cÃ´tÃ© positif et fixez-vous de petits objectifs rÃ©alistes. ğŸŒˆ
pride,ğŸ†,Soyez fier de vos rÃ©alisations et utilisez-les comme un tremplin pour aller encore plus loin. ğŸŒŸ
realization,ğŸ’¡,Prenez le temps de rÃ©flÃ©chir Ã  ce que vous avez appris de la situation. ğŸ§ 
relief,ğŸ˜Œ,"Sentez-vous soulagÃ©, mais prÃ©parez-vous aussi pour les prochaines Ã©tapes. ğŸŒ·"
remorse,ğŸ˜”,Excusez-vous sincÃ¨rement si nÃ©cessaire et apprenez de vos erreurs. ğŸŒ»
sadness,ğŸ˜¢,Exprimez vos Ã©motions ou parlez-en Ã  quelqu'un en qui vous avez confiance. ğŸ¤
surprise,ğŸ˜²,Laissez-vous surprendre et savourez l'inattendu ! ğŸ
neutral,ğŸ˜,"Prenez une pause et laissez-vous aller, tout va bien. ğŸŒ¼"
